dimension_result_id,evaluation_id,关联评估任务,维度名称,维度等级,维度分数,维度权重,加权得分,置信度,是否主评分,是否需复核,核心结论,关键发现,关键证据摘要,边界说明,降级原因,建议动作,关联指标,关联证据,关联复核项
DIM-EVAL-PJT-CASE-04-MTG-CASE-04-04-方向校准力,EVAL-PJT-CASE-04-MTG-CASE-04-04,EVAL-PJT-CASE-04-MTG-CASE-04-04,方向校准力,健康,8,20,16,0.8,true,true,"结合专家finding：专项执行期间持续强调并坚守核心目标与范围（strength, confidence 0.9），复盘会议中基于目标校验成果并提出机制化改进方向（observation, confidence 0.7）。硬指标‘会议决策留痕覆盖率’为1，表明所有会议均有决策留痕，支持方向校准的留痕习惯。","management_reviewer_result.dimension_findings[0]
management_reviewer_result.dimension_findings[1]
meeting_decision_coverage_rate","专家finding摘要：项目启动时，管理者明确要求聚焦目标与边界，体现方向校准。
专家finding摘要：会议结论表明管理者从具体问题中提炼出机制化改进方向，进行方向校准。
metric_id: meeting_decision_coverage_rate, formula: value = meetings_with_decision_trace / total_meetings, calculation.expression: 4 / 4, value: 1。表明所有会议均有决策留痕，支持方向校准的留痕习惯。","当前会议缺少完整妙记转写，对复盘会议中校准过程的细节和语境判断有限，导致置信度降低。
专家finding中存在‘missing_context’风险标签。",,"复核并修正任务管理流程：明确会议行动项与Base任务表的映射规则，确保会后的任务扩展或调整有明确的留痕和审批流程。
制定高风险及遗留风险专项收口计划：针对未收口的高风险（如PJT-CASE-04-RISK-02）和60%的未收口风险，制定明确的收口时间表、责任人和验收标准。
完善跨阶段事项交接机制：针对“客服链路遗留项进入下一阶段”的决策，补充跨团队同步的留痕（如会议纪要确认、任务交接文档），并明确下一阶段的跟踪要素（owner、新DDL、验收标准）。
结合人工复核结果，审视沟通方式：待HR-002等人审项完成后，评估高压推进语言的使用场景和团队反馈，必要时调整沟通策略。",MET-EVAL-PJT-CASE-04-MTG-CASE-04-04-meeting_decision_coverage_rate,"EVD-chat-02_chats_im_messages_search_user_json-om_case04msg0002
EVD-current_meeting-current_meeting_facts-MTG-CASE-04-04
EVD-hard_metrics-hard_metrics_result-meeting_decision_coverage_rate",HR-MTG-CASE-04-04-01
DIM-EVAL-PJT-CASE-04-MTG-CASE-04-04-推进闭环力,EVAL-PJT-CASE-04-MTG-CASE-04-04,EVAL-PJT-CASE-04-MTG-CASE-04-04,推进闭环力,中等,5,25,12.5,0.7,true,true,"结合专家finding：会议行动项与任务表严重脱节（3 vs 9）导致闭环源头混乱（risk, confidence 0.95）；任务延期率25%且部分延期任务闭环处理不彻底（risk, confidence 0.85）；但能从问题中提炼机制化改进动作（strength, confidence 0.8）。硬指标‘任务延期率’为0.25，‘任务关闭率’为0.7，‘当前会议行动项入表率’anomaly指出数量不一致。","management_reviewer_result.dimension_findings[2]
management_reviewer_result.dimension_findings[3]
management_reviewer_result.dimension_findings[4]
task_overdue_rate
task_closure_rate
current_meeting_action_task_rate","metric_id: current_meeting_action_task_rate, formula: value = min(tasks_linked_to_current_meeting, current_meeting_action_item_count) / current_meeting_action_item_count, calculation.expression: 3 / 3, value: 1。指标anomalies明确指出数量不一致问题，支持专家finding。
metric_id: task_overdue_rate, formula: value = overdue_tasks / tasks_with_due_date, calculation.expression: 5 / 20, value: 0.25。支持专家finding中关于延期率的判断。
专家finding摘要：会议结论之一，虽然明确了遗留项转入下一阶段，但未体现具体的跟踪owner、新DDL或转入机制，闭环动作不完整。","会议行动项与任务表严重不一致（3 vs 9），闭环源头存在断裂或混乱，导致评分显著降低。
对于转入下一阶段的遗留项，缺乏明确的下一步行动项（owner, DDL, 动作），闭环不彻底。",,"复核并修正任务管理流程：明确会议行动项与Base任务表的映射规则，确保会后的任务扩展或调整有明确的留痕和审批流程。
制定高风险及遗留风险专项收口计划：针对未收口的高风险（如PJT-CASE-04-RISK-02）和60%的未收口风险，制定明确的收口时间表、责任人和验收标准。
完善跨阶段事项交接机制：针对“客服链路遗留项进入下一阶段”的决策，补充跨团队同步的留痕（如会议纪要确认、任务交接文档），并明确下一阶段的跟踪要素（owner、新DDL、验收标准）。
结合人工复核结果，审视沟通方式：待HR-002等人审项完成后，评估高压推进语言的使用场景和团队反馈，必要时调整沟通策略。","MET-EVAL-PJT-CASE-04-MTG-CASE-04-04-task_definition_completeness_rate
MET-EVAL-PJT-CASE-04-MTG-CASE-04-04-task_overdue_rate
MET-EVAL-PJT-CASE-04-MTG-CASE-04-04-task_closure_rate
MET-EVAL-PJT-CASE-04-MTG-CASE-04-04-closed_task_quality_rate
MET-EVAL-PJT-CASE-04-MTG-CASE-04-04-current_meeting_action_task_rate
MET-EVAL-PJT-CASE-04-MTG-CASE-04-04-meeting_action_item_coverage_rate","EVD-hard_metrics-hard_metrics_result-current_meeting_action_task_rate
EVD-hard_metrics-hard_metrics_result-task_overdue_rate
EVD-current_meeting-current_meeting_facts-MTG-CASE-04-04
EVD-statement-04_meetings_base_statements_record_list_json-MTG-CASE-04-04-STM-2",HR-MTG-CASE-04-04-02
DIM-EVAL-PJT-CASE-04-MTG-CASE-04-04-风险治理力,EVAL-PJT-CASE-04-MTG-CASE-04-04,EVAL-PJT-CASE-04-MTG-CASE-04-04,风险治理力,中等,6,20,12,0.7,true,true,"结合专家finding：高等级风险未完全收口、整体未收口占比较高及同类风险复发，表明风险治理闭环执行存在不足（observations, confidence 0.7）。硬指标‘高等级风险收口率’为0.6667，‘风险未收口占比’为0.6，‘同类风险复发样本数’为3（交付风险复发）。","risk_behavior_auditor_result.dimension_findings[0]
risk_behavior_auditor_result.dimension_findings[1]
risk_behavior_auditor_result.dimension_findings[2]
high_risk_resolution_rate
open_risk_rate
repeated_risk_type_count","metric_id=high_risk_resolution_rate, formula=resolved_high_risks / total_high_risks, calculation.expression=2 / 3, value=0.6667。指标显示仍有1个高风险未收口，支持专家finding。
metric_id=open_risk_rate, formula=open_or_tracking_risks / total_risks, calculation.expression=6 / 10, value=0.6。指标显示60%的风险未收口，支持专家finding。
metric_id=repeated_risk_type_count, formula=sum(count(risk_type) where count(risk_type) > 1), calculation.expression=3, value=3。anomalies显示“交付风险:3”，支持专家finding中关于风险复发的判断。","当前会议缺少完整妙记转写，影响对风险讨论语境的准确判断，导致置信度降低。
存在高风险未收口及同类风险复发的情况，表明风险治理的闭环执行存在不足。",,"复核并修正任务管理流程：明确会议行动项与Base任务表的映射规则，确保会后的任务扩展或调整有明确的留痕和审批流程。
制定高风险及遗留风险专项收口计划：针对未收口的高风险（如PJT-CASE-04-RISK-02）和60%的未收口风险，制定明确的收口时间表、责任人和验收标准。
完善跨阶段事项交接机制：针对“客服链路遗留项进入下一阶段”的决策，补充跨团队同步的留痕（如会议纪要确认、任务交接文档），并明确下一阶段的跟踪要素（owner、新DDL、验收标准）。
结合人工复核结果，审视沟通方式：待HR-002等人审项完成后，评估高压推进语言的使用场景和团队反馈，必要时调整沟通策略。","MET-EVAL-PJT-CASE-04-MTG-CASE-04-04-high_risk_resolution_rate
MET-EVAL-PJT-CASE-04-MTG-CASE-04-04-risk_mitigation_action_rate
MET-EVAL-PJT-CASE-04-MTG-CASE-04-04-open_risk_rate
MET-EVAL-PJT-CASE-04-MTG-CASE-04-04-repeated_risk_type_count","EVD-hard_metrics-hard_metrics_result-high_risk_resolution_rate
EVD-hard_metrics-hard_metrics_result-open_risk_rate
EVD-hard_metrics-hard_metrics_result-repeated_risk_type_count
EVD-base_risk-03_task_risk_register_base_risks_record_list_json-PJT-CASE-04-RISK-02","HR-001
HR-003"
DIM-EVAL-PJT-CASE-04-MTG-CASE-04-04-协同调度力,EVAL-PJT-CASE-04-MTG-CASE-04-04,EVAL-PJT-CASE-04-MTG-CASE-04-04,协同调度力,健康,7,20,14,0.8,true,true,"结合专家finding：能通过即时通讯明确范围、推动解决依赖阻塞，且会议覆盖了必要干系人（strength, confidence 0.9）；但存在线下沟通留痕不足和关键风险项未完全收口即转入下一阶段的风险（risk, confidence 0.8）。硬指标‘日历必要干系人覆盖率’为1，‘管理者聊天同步样本数’为7。","coordination_lens_result.dimension_findings[0]
coordination_lens_result.dimension_findings[1]
calendar_stakeholder_coverage_rate
manager_chat_signal_count","专家finding摘要：管理者在字段口径阻塞时，明确要求定下责任方和截止时间，推动解决，体现协同调度力。
metric_id: calendar_stakeholder_coverage_rate, formula: value = calendar_events_with_required_stakeholders / total_calendar_events, calculation.expression: 4 / 4, value: 1。表明所有会议都覆盖了必要的干系人。
专家finding摘要：存在线下沟通事件，且备注‘线下沟通无完整录音，后续由吴恬补录摘要’，表明存在信息留痕风险。","线下沟通留痕不足，存在信息不同步风险。
关键风险项转入下一阶段的跨团队同步充分性需要进一步复核。",,"复核并修正任务管理流程：明确会议行动项与Base任务表的映射规则，确保会后的任务扩展或调整有明确的留痕和审批流程。
制定高风险及遗留风险专项收口计划：针对未收口的高风险（如PJT-CASE-04-RISK-02）和60%的未收口风险，制定明确的收口时间表、责任人和验收标准。
完善跨阶段事项交接机制：针对“客服链路遗留项进入下一阶段”的决策，补充跨团队同步的留痕（如会议纪要确认、任务交接文档），并明确下一阶段的跟踪要素（owner、新DDL、验收标准）。
结合人工复核结果，审视沟通方式：待HR-002等人审项完成后，评估高压推进语言的使用场景和团队反馈，必要时调整沟通策略。","MET-EVAL-PJT-CASE-04-MTG-CASE-04-04-calendar_stakeholder_coverage_rate
MET-EVAL-PJT-CASE-04-MTG-CASE-04-04-manager_chat_signal_count","EVD-chat-02_chats_im_messages_search_user_json-om_case04msg0007
EVD-hard_metrics-hard_metrics_result-calendar_stakeholder_coverage_rate
EVD-calendar-06_calendar_calendar_events_instance_view_json-cal_case04_evt_0418_offline
EVD-current_meeting-current_meeting-MTG-CASE-04-04",HRV-CASE-04-COORD-01
DIM-EVAL-PJT-CASE-04-MTG-CASE-04-04-组织行为健康度,EVAL-PJT-CASE-04-MTG-CASE-04-04,EVAL-PJT-CASE-04-MTG-CASE-04-04,组织行为健康度,仅观察,6,15,9,0.4,false,true,"基于专家finding和硬指标观察：管理者在群聊中多次使用高压推进语言（observation, confidence 0.7），并有会后成员反馈压力的记录（observation, confidence 0.6）。硬指标‘高压推进语言样本占比’为0.4286。由于组织行为判断高度依赖语境，且当前会议缺少完整转写，所有相关发现均为观察项并需人工复核，因此置信度大幅降低，评分仅反映观察到的潜在风险。","risk_behavior_auditor_result.dimension_findings[3]
risk_behavior_auditor_result.risk_flags[2]
risk_behavior_auditor_result.risk_flags[3]
high_pressure_language_sample_rate","metric_id=high_pressure_language_sample_rate, formula=manager_messages_matching_pressure_keywords / manager_chat_messages, calculation.expression=3 / 7, value=0.4286。指标显示42.86%的管理者消息命中高压关键词。
专家finding摘要：管理者陈昊在群聊中使用高压推进语言示例。此为观察项，需人工复核语境。
专家finding摘要：风险记录显示有成员反馈压力，但仅记录。此为观察项，需人工复核上下文。","组织行为相关语言（高压推进、成员反馈压力）只能作为观察项，需人工确认语境和场景，因此置信度极低。
当前会议缺少完整妙记转写，进一步增加了对行为语境判断的不确定性。
硬指标‘高压推进语言样本占比’仅为规则命中样本，不直接等同组织行为结论。","组织行为相关语言（高压推进、成员反馈压力）只能作为观察项，需人工确认语境和场景，因此置信度极低。
当前会议缺少完整妙记转写，进一步增加了对行为语境判断的不确定性。
硬指标‘高压推进语言样本占比’仅为规则命中样本，不直接等同组织行为结论。","复核并修正任务管理流程：明确会议行动项与Base任务表的映射规则，确保会后的任务扩展或调整有明确的留痕和审批流程。
制定高风险及遗留风险专项收口计划：针对未收口的高风险（如PJT-CASE-04-RISK-02）和60%的未收口风险，制定明确的收口时间表、责任人和验收标准。
完善跨阶段事项交接机制：针对“客服链路遗留项进入下一阶段”的决策，补充跨团队同步的留痕（如会议纪要确认、任务交接文档），并明确下一阶段的跟踪要素（owner、新DDL、验收标准）。
结合人工复核结果，审视沟通方式：待HR-002等人审项完成后，评估高压推进语言的使用场景和团队反馈，必要时调整沟通策略。","MET-EVAL-PJT-CASE-04-MTG-CASE-04-04-late_night_manager_message_rate
MET-EVAL-PJT-CASE-04-MTG-CASE-04-04-high_pressure_language_sample_rate","EVD-hard_metrics-hard_metrics_result-high_pressure_language_sample_rate
EVD-chat-02_chats_im_messages_search_user_json-om_case04msg0007
EVD-base_risk-03_task_risk_register_base_risks_record_list_json-PJT-CASE-04-RISK-10",HR-002
