finding_id,evaluation_id,agent_name,dimension,finding_type,confidence,summary,risk_tags,suggested_actions,evidence_refs_json,generated_at
EVAL-PJT-CASE-04-MTG-CASE-04-04-management_reviewer-01,EVAL-PJT-CASE-04-MTG-CASE-04-04,management_reviewer,方向校准力,observation,0.7,管理者在复盘会议中基于项目目标对阶段成果和遗留问题进行了校准，并提出了机制化改进方向。但由于缺少完整会议转写，对校准过程的细节和语境判断有限。,missing_context,建议在后续复盘会议中，将关键校准判断（如‘目标基本达成’的具体依据）更明确地记录在会议纪要中。,"[{""source_type"":""cloud_doc"",""source_file"":""01_cloud_docs/docs_fetch_main_doc_v2.json"",""source_id"":""V2mCdcase04MainDocx"",""timestamp"":""4"",""excerpt"":""范围内：主链路订单状态同步稳定性、退款状态回写一致性、客服工单联动中的关键高频异常、关键风险项的升级跟踪和回滚预案；范围外：客服体验优化类非阻断需求、仓配底层字段体系重构、新监控平台接入、历史低频长尾问题清理；五一前主链路履约状态同步成功率达到 99.95%；退款状态回写一致性达到 99.90%"",""evidence_note"":""项目主文档明确了本轮专项的范围、目标和优先级。""},{""source_type"":""statement"",""source_file"":""04_meetings/base_statements_record_list.json"",""source_id"":""MTG-CASE-04-04-STM-1"",""timestamp"":""MTG-CASE-04-04"",""excerpt"":""前几天对字段问题的处理还是慢了。"",""evidence_note"":""管理者在复盘会议中，对照项目目标（快速降低协同成本）对执行过程进行校准，指出处理速度未达预期。""},{""source_type"":""current_meeting"",""source_file"":""current_meeting_facts"",""source_id"":""MTG-CASE-04-04"",""timestamp"":""2026-04-24 19:30 - 20:35"",""excerpt"":""主链路目标基本达成"",""evidence_note"":""会议结论之一，表明管理者基于核心目标（主链路稳定性）对阶段成果进行了校验。""},{""source_type"":""current_meeting"",""source_file"":""current_meeting_facts"",""source_id"":""MTG-CASE-04-04"",""timestamp"":""2026-04-24 19:30 - 20:35"",""excerpt"":""字段冻结表后续可沉淀为固定机制"",""evidence_note"":""会议结论之一，表明管理者从具体问题（字段口径）中提炼出机制化改进方向，进行方向校准。""}]",2026-05-04T16:24:39.054Z
EVAL-PJT-CASE-04-MTG-CASE-04-04-management_reviewer-02,EVAL-PJT-CASE-04-MTG-CASE-04-04,management_reviewer,方向校准力,strength,0.9,管理者在专项执行期间，通过即时沟通持续强调并坚守项目核心目标与范围，有效防止了范围蔓延和优先级漂移。,,,"[{""source_type"":""chat"",""source_file"":""02_chats/im_messages_search_user.json"",""source_id"":""om_case04msg0002"",""timestamp"":""2026-04-13 09:16"",""excerpt"":""今天先把本轮目标和边界说清楚，不在范围里的先别展开。"",""evidence_note"":""项目启动时，管理者明确要求聚焦目标与边界。""},{""source_type"":""chat"",""source_file"":""02_chats/im_messages_search_user.json"",""source_id"":""om_case04msg0004"",""timestamp"":""2026-04-13 09:18"",""excerpt"":""先不追求全部体验项一起做，主链路稳定和退款一致先保住。"",""evidence_note"":""管理者在启动阶段明确优先级，将主链路稳定和退款一致性置于最高位。""},{""source_type"":""chat"",""source_file"":""02_chats/im_messages_search_user.json"",""source_id"":""om_case04msg0009"",""timestamp"":""2026-04-14 09:34"",""excerpt"":""结算项目别发到专项线程里。"",""evidence_note"":""管理者主动拦截与专项核心目标无关的议题，防止范围污染。""},{""source_type"":""history_meeting"",""source_file"":""history_context"",""source_id"":""MTG-CASE-04-02"",""timestamp"":""2026-04-16 15:00 - 16:20"",""excerpt"":""本轮不要因为争论长期最优方案影响节前目标。"",""evidence_note"":""在历史会议中，管理者重申短期目标优先于长期方案争论，进行方向校准。""}]",2026-05-04T16:24:39.054Z
EVAL-PJT-CASE-04-MTG-CASE-04-04-management_reviewer-03,EVAL-PJT-CASE-04-MTG-CASE-04-04,management_reviewer,推进闭环力,risk,0.95,当前会议产生的行动项与任务表关联数量严重不一致（3 vs 9），表明会后存在大量任务扩展或重复挂载，闭环链条的源头（会议决策到任务生成）存在断裂或混乱风险。,"action_task_mismatch
process_gap","需人工复核任务表（PJT-CASE-04-TASK-11 至 TASK-20）中哪些是会议直接决议，哪些是会后补充，并明确其来源和决策依据。
建议规范会议行动项记录与任务创建流程，确保一一对应，避免会后无序扩展。","[{""source_type"":""current_meeting"",""source_file"":""current_meeting_facts"",""source_id"":""MTG-CASE-04-04"",""timestamp"":""2026-04-24 19:30 - 20:35"",""excerpt"":""action_items: [\""复现工单高频异常 A\"", \""复现工单高频异常 B\"", \""输出低频回写补偿脚本\""]"",""evidence_note"":""当前会议记录的行动项列表，共3条。""},{""source_type"":""hard_metrics"",""source_file"":""hard_metrics_result"",""source_id"":""current_meeting_action_task_rate"",""timestamp"":""2026-04-13 ~ 2026-04-24"",""excerpt"":""会议行动项 3 条，任务表关联 9 条，存在会后扩展任务或重复挂载"",""evidence_note"":""metric_id: current_meeting_action_task_rate, formula: value = min(tasks_linked_to_current_meeting, current_meeting_action_item_count) / current_meeting_action_item_count, calculation.expression: 3 / 3, value: 1。指标anomalies明确指出数量不一致问题。""},{""source_type"":""base_task"",""source_file"":""03_task_risk_register/base_tasks_record_list.json"",""source_id"":""PJT-CASE-04-TASK-11"",""timestamp"":""2026-04-21 18:00"",""excerpt"":""复现工单高频异常 A source_meeting_id=MTG-CASE-04-04"",""evidence_note"":""任务表显示有9条任务关联到本次会议，此为其中一条。""},{""source_type"":""base_task"",""source_file"":""03_task_risk_register/base_tasks_record_list.json"",""source_id"":""PJT-CASE-04-TASK-14"",""timestamp"":""2026-04-22 19:00"",""excerpt"":""更新延期事项 owner 和新 DDL source_meeting_id=MTG-CASE-04-04"",""evidence_note"":""任务表显示有9条任务关联到本次会议，此为其中一条，但该任务不在会议记录的3条行动项中。""}]",2026-05-04T16:24:39.054Z
EVAL-PJT-CASE-04-MTG-CASE-04-04-management_reviewer-04,EVAL-PJT-CASE-04-MTG-CASE-04-04,management_reviewer,推进闭环力,risk,0.85,项目整体任务延期率较高（25%），且部分延期任务（如客服异常处理）在复盘会议后仍未明确新的闭环路径，存在闭环断裂风险。,"overdue_tasks
closure_gap","对于转入下一阶段的遗留项（如客服链路问题），应在本轮会议中明确记录其转入的下一阶段项目/会议、跟踪负责人和初步时间预期。
复盘会议应对所有延期事项进行逐一评审，并产出明确的下一步行动项（owner, DDL, 动作）。","[{""source_type"":""hard_metrics"",""source_file"":""hard_metrics_result"",""source_id"":""task_overdue_rate"",""timestamp"":""2026-04-13 ~ 2026-04-24"",""excerpt"":""value = 0.25"",""evidence_note"":""metric_id: task_overdue_rate, formula: value = overdue_tasks / tasks_with_due_date, calculation.expression: 5 / 20, value: 0.25。""},{""source_type"":""base_task"",""source_file"":""03_task_risk_register/base_tasks_record_list.json"",""source_id"":""PJT-CASE-04-TASK-05"",""timestamp"":""2026-04-18 18:00"",""excerpt"":""修正客服异常子状态映射 DDL=2026-04-18 18:00 is_overdue=true status=进行中"",""evidence_note"":""延期任务示例，源自历史会议MTG-CASE-04-02，在复盘会议时仍未关闭。""},{""source_type"":""base_task"",""source_file"":""03_task_risk_register/base_tasks_record_list.json"",""source_id"":""PJT-CASE-04-TASK-12"",""timestamp"":""2026-04-21 18:00"",""excerpt"":""复现工单高频异常 B DDL=2026-04-21 18:00 is_overdue=true status=延期"",""evidence_note"":""延期任务示例，源自本次复盘会议MTG-CASE-04-04，但状态仍为延期，未在会议结论中看到新的DDL或处理方案。""},{""source_type"":""current_meeting"",""source_file"":""current_meeting_facts"",""source_id"":""MTG-CASE-04-04"",""timestamp"":""2026-04-24 19:30 - 20:35"",""excerpt"":""客服链路遗留项进入下一阶段继续跟踪"",""evidence_note"":""会议结论之一，虽然明确了遗留项转入下一阶段，但未在本次会议的行动项或任务中体现具体的跟踪owner、新DDL或转入机制，闭环动作不完整。""}]",2026-05-04T16:24:39.054Z
EVAL-PJT-CASE-04-MTG-CASE-04-04-management_reviewer-05,EVAL-PJT-CASE-04-MTG-CASE-04-04,management_reviewer,推进闭环力,strength,0.8,管理者在复盘会议中，对历史执行问题进行了根因反思，并提出了明确的、可执行的机制化改进动作，体现了从问题到改进的闭环思维。,,,"[{""source_type"":""statement"",""source_file"":""04_meetings/base_statements_record_list.json"",""source_id"":""MTG-CASE-04-04-STM-2"",""timestamp"":""MTG-CASE-04-04"",""excerpt"":""下次专项第 1 天就出这个表。"",""evidence_note"":""针对“字段问题处理慢了”的根因，管理者提出了具体的、可复用的改进动作（首日产出字段冻结表），形成过程改进闭环。""},{""source_type"":""current_meeting"",""source_file"":""current_meeting_facts"",""source_id"":""MTG-CASE-04-04"",""timestamp"":""2026-04-24 19:30 - 20:35"",""excerpt"":""字段冻结表后续可沉淀为固定机制"",""evidence_note"":""会议结论将本次专项中的临时工具（字段冻结表）沉淀为固定机制，体现了从单次解决问题到建立长效闭环的思维。""}]",2026-05-04T16:24:39.054Z
EVAL-PJT-CASE-04-MTG-CASE-04-04-risk_behavior_auditor-01,EVAL-PJT-CASE-04-MTG-CASE-04-04,risk_behavior_auditor,风险治理力,observation,0.7,高等级风险未完全收口，存在遗留风险治理动作不闭环。,,,"[{""source_type"":""hard_metrics"",""source_file"":""hard_metrics_result"",""source_id"":""high_risk_resolution_rate"",""timestamp"":""2026-04-13 ~ 2026-04-24"",""excerpt"":""value = 2 / 3"",""evidence_note"":""metric_id=high_risk_resolution_rate, formula=resolved_high_risks / total_high_risks, calculation.expression=2 / 3, value=0.6667。指标显示仍有1个高风险未收口。""},{""source_type"":""base_risk"",""source_file"":""03_task_risk_register/base_risks_record_list.json"",""source_id"":""PJT-CASE-04-RISK-02"",""timestamp"":""MTG-CASE-04-03"",""excerpt"":""退款回写高峰场景尾延迟 followup_status=tracking"",""evidence_note"":""高风险PJT-CASE-04-RISK-02状态为tracking，未收口。""}]",2026-05-04T16:24:39.054Z
EVAL-PJT-CASE-04-MTG-CASE-04-04-risk_behavior_auditor-02,EVAL-PJT-CASE-04-MTG-CASE-04-04,risk_behavior_auditor,风险治理力,observation,0.7,风险未收口占比较高，存在风险识别但治理动作未闭环或延期的情况。,,,"[{""source_type"":""hard_metrics"",""source_file"":""hard_metrics_result"",""source_id"":""open_risk_rate"",""timestamp"":""2026-04-13 ~ 2026-04-24"",""excerpt"":""value = 6 / 10"",""evidence_note"":""metric_id=open_risk_rate, formula=open_or_tracking_risks / total_risks, calculation.expression=6 / 10, value=0.6。指标显示60%的风险未收口。""},{""source_type"":""base_risk"",""source_file"":""03_task_risk_register/base_risks_record_list.json"",""source_id"":""PJT-CASE-04-RISK-05"",""timestamp"":""MTG-CASE-04-04"",""excerpt"":""客服高频异常 B 未及时复现 followup_status=tracking"",""evidence_note"":""中风险PJT-CASE-04-RISK-05状态为tracking，未收口。""}]",2026-05-04T16:24:39.054Z
EVAL-PJT-CASE-04-MTG-CASE-04-04-risk_behavior_auditor-03,EVAL-PJT-CASE-04-MTG-CASE-04-04,risk_behavior_auditor,风险治理力,observation,0.7,存在同类风险复发线索，表明某些风险类型（如交付风险）的治理模式可能存在不足。,,,"[{""source_type"":""hard_metrics"",""source_file"":""hard_metrics_result"",""source_id"":""repeated_risk_type_count"",""timestamp"":""2026-04-13 ~ 2026-04-24"",""excerpt"":""value = 3"",""evidence_note"":""metric_id=repeated_risk_type_count, formula=sum(count(risk_type) where count(risk_type) > 1), calculation.expression=3, value=3。anomalies显示“交付风险:3”。""},{""source_type"":""base_risk"",""source_file"":""03_task_risk_register/base_risks_record_list.json"",""source_id"":""PJT-CASE-04-RISK-01"",""timestamp"":""MTG-CASE-04-02"",""excerpt"":""交付风险: 字段口径不一致导致联调返工"",""evidence_note"":""交付风险类型复发样本之一。""}]",2026-05-04T16:24:39.054Z
EVAL-PJT-CASE-04-MTG-CASE-04-04-risk_behavior_auditor-04,EVAL-PJT-CASE-04-MTG-CASE-04-04,risk_behavior_auditor,组织行为健康度,observation,0.7,管理者在群聊中多次使用高压推进语言，可能对团队沟通氛围产生影响。,,,"[{""source_type"":""hard_metrics"",""source_file"":""hard_metrics_result"",""source_id"":""high_pressure_language_sample_rate"",""timestamp"":""2026-04-13 ~ 2026-04-24"",""excerpt"":""value = 3 / 7"",""evidence_note"":""metric_id=high_pressure_language_sample_rate, formula=manager_messages_matching_pressure_keywords / manager_chat_messages, calculation.expression=3 / 7, value=0.4286。指标显示42.86%的管理者消息命中高压关键词。""},{""source_type"":""chat"",""source_file"":""02_chats/im_messages_search_user.json"",""source_id"":""om_case04msg0007"",""timestamp"":""2026-04-15 16:16"",""excerpt"":""今天 5 点前必须统一一版口径，谁负责适配今天就定下来，不能继续空转。"",""evidence_note"":""管理者陈昊在群聊中使用高压推进语言示例。此为观察项，需人工复核语境。""}]",2026-05-04T16:24:39.054Z
EVAL-PJT-CASE-04-MTG-CASE-04-04-coordination_lens-01,EVAL-PJT-CASE-04-MTG-CASE-04-04,coordination_lens,协同调度力,strength,0.9,管理者通过聊天和会议，有效澄清项目范围、明确依赖责任方并推动解决路径，形成闭环。,,,"[{""source_type"":""chat"",""source_file"":""02_chats/im_messages_search_user.json"",""source_id"":""om_case04msg0002"",""timestamp"":""2026-04-13 09:16"",""excerpt"":""今天先把本轮目标和边界说清楚，不在范围里的先别展开。"",""evidence_note"":""管理者在专项启动时，明确要求澄清项目范围，防止范围蔓延。""},{""source_type"":""chat"",""source_file"":""02_chats/im_messages_search_user.json"",""source_id"":""om_case04msg0007"",""timestamp"":""2026-04-15 16:16"",""excerpt"":""今天 5 点前必须统一一版口径，谁负责适配今天就定下来，不能继续空转。"",""evidence_note"":""管理者在字段口径阻塞时，明确要求定下责任方和截止时间，推动解决。""},{""source_type"":""chat"",""source_file"":""02_chats/im_messages_search_user.json"",""source_id"":""om_case04msg0016"",""timestamp"":""2026-04-16 17:11"",""excerpt"":""本轮先不争论长期最优结构，字段冻结表今天必须出，先服务上线前执行口径。"",""evidence_note"":""管理者明确决策，推动冻结表产出，为联调提供明确依据，解决协同阻塞。""},{""source_type"":""hard_metrics"",""source_file"":""hard_metrics"",""source_id"":""calendar_stakeholder_coverage_rate"",""timestamp"":""2026-04-13 ~ 2026-04-24"",""excerpt"":""value = 1, expression = 4 / 4"",""evidence_note"":""metric_id: calendar_stakeholder_coverage_rate, formula: value = calendar_events_with_required_stakeholders / total_calendar_events, calculation.expression: 4 / 4, value: 1。表明所有会议都覆盖了必要的干系人。""}]",2026-05-04T16:24:39.054Z
EVAL-PJT-CASE-04-MTG-CASE-04-04-coordination_lens-02,EVAL-PJT-CASE-04-MTG-CASE-04-04,coordination_lens,协同调度力,risk,0.8,存在线下沟通未及时留痕、关键风险（客服链路遗留问题）未完全收口即进入下一阶段的情况，可能导致信息不同步和风险延续。,"信息留痕不足
风险延续","建议明确线下沟通结论同步到公共文档的SOP和责任人。
对于顺延到下一阶段的风险，应确保有明确的交接说明和跟踪机制，并同步给所有相关干系人。","[{""source_type"":""statement"",""source_file"":""04_meetings/base_statements_record_list.json"",""source_id"":""MTG-CASE-04-04-STM-1"",""timestamp"":""MTG-CASE-04-04"",""excerpt"":""前几天对字段问题的处理还是慢了。"",""evidence_note"":""复盘会议中承认前期协同处理存在延迟，表明存在协同效率问题。""},{""source_type"":""calendar"",""source_file"":""06_calendar/calendar_events_instance_view.json"",""source_id"":""cal_case04_evt_0418_offline"",""timestamp"":""2026-04-18T11:45:00+08:00"",""excerpt"":""阶段评审前线下沟通补录 attendees=陈昊,林玥,沈薇,唐可"",""evidence_note"":""存在线下沟通事件，且备注‘线下沟通无完整录音，后续由吴恬补录摘要’，表明存在信息留痕风险。""},{""source_type"":""risk"",""source_file"":""coordination_context"",""source_id"":""NO.206"",""timestamp"":""MTG-CASE-04-03"",""excerpt"":""线下对齐后补录不完整，部分决策只有结论没有上下文"",""evidence_note"":""风险记录明确指出线下结论未及时留痕，是协同流程风险。""},{""source_type"":""current_meeting"",""source_file"":""current_meeting"",""source_id"":""MTG-CASE-04-04"",""timestamp"":""2026-04-24 19:30 - 20:35"",""excerpt"":""客服链路遗留项进入下一阶段继续跟踪"",""evidence_note"":""会议决策显示，关键风险（客服链路遗留问题）未在本阶段完全解决，将延续到下一阶段，存在风险升级和同步不彻底的可能。""}]",2026-05-04T16:24:39.054Z
